<?xml version="1.0" encoding="UTF-8"?><rss version="2.0"
	xmlns:content="http://purl.org/rss/1.0/modules/content/"
	xmlns:wfw="http://wellformedweb.org/CommentAPI/"
	xmlns:dc="http://purl.org/dc/elements/1.1/"
	xmlns:atom="http://www.w3.org/2005/Atom"
	xmlns:sy="http://purl.org/rss/1.0/modules/syndication/"
	xmlns:slash="http://purl.org/rss/1.0/modules/slash/"
	>

<channel>
	<title>Senza categoria &#8211; PumpPro</title>
	<atom:link href="http://localhost/week5day2/categoria-prodotto/senza-categoria/feed/?simply_static_page=190" rel="self" type="application/rss+xml" />
	<link>./../../../index.html</link>
	<description></description>
	<lastBuildDate>Tue, 21 Mar 2023 18:27:44 +0000</lastBuildDate>
	<language>it-IT</language>
	<sy:updatePeriod>
	hourly	</sy:updatePeriod>
	<sy:updateFrequency>
	1	</sy:updateFrequency>
	<generator>https://wordpress.org/?v=6.1.1</generator>
	<item>
		<title></title>
		<link>./../../../prodotto/84/index.html</link>
					<comments>./../../../prodotto/84/index.html#respond</comments>
		
		<dc:creator><![CDATA[cosimo]]></dc:creator>
		<pubDate>Tue, 21 Mar 2023 18:27:44 +0000</pubDate>
				<guid isPermaLink="false">./../../../index.html?post_type=product#038;p=84</guid>

					<description><![CDATA[Una deliziosa barretta ad alto contenuto proteico con un gusto, una consistenza e valori nutrizionali eccezionali. Ogni barretta ha un alto contenuto proteico, che la rende ideale come snack o da mangiare quando sei in giro come fonte extra di nutrizione tra un pasto e l’altro. Le nostre Barrette proteiche sono un dolce ad alto [&#8230;]]]></description>
										<content:encoded><![CDATA[<p><img decoding="async" class="alignnone size-medium wp-image-85" src="./../../../wp-content/uploads/2023/03/high-protein-flapjack-sample-85g-triple-chocolate_bpf-hpfl-tcho-0085_main_1-300x300.webp" alt="" width="300" height="300" srcset="./../../../wp-content/uploads/2023/03/high-protein-flapjack-sample-85g-triple-chocolate_bpf-hpfl-tcho-0085_main_1-300x300.webp 300w, ./../../../wp-content/uploads/2023/03/high-protein-flapjack-sample-85g-triple-chocolate_bpf-hpfl-tcho-0085_main_1-150x150.webp 150w, ./../../../wp-content/uploads/2023/03/high-protein-flapjack-sample-85g-triple-chocolate_bpf-hpfl-tcho-0085_main_1-324x324.webp 324w, ./../../../wp-content/uploads/2023/03/high-protein-flapjack-sample-85g-triple-chocolate_bpf-hpfl-tcho-0085_main_1-416x416.webp 416w, ./../../../wp-content/uploads/2023/03/high-protein-flapjack-sample-85g-triple-chocolate_bpf-hpfl-tcho-0085_main_1-100x100.webp 100w, ./../../../wp-content/uploads/2023/03/high-protein-flapjack-sample-85g-triple-chocolate_bpf-hpfl-tcho-0085_main_1.webp 500w" sizes="(max-width: 300px) 100vw, 300px" /></p>
<p>Una deliziosa barretta ad alto contenuto proteico con un gusto, una consistenza e valori nutrizionali eccezionali. Ogni barretta ha un alto contenuto proteico, che la rende ideale come snack o da mangiare quando sei in giro come fonte extra di nutrizione tra un pasto e l’altro.</p>
<p>Le nostre Barrette proteiche sono un dolce ad alto contenuto di fibre, ad alto contenuto proteico e dalla cottura soffice. Ad alto contenuto proteico e disponibile in una varietà di ottimi gusti, questa barretta è ottima per raggiungere il tuo obiettivo proteico quotidiano senza sovraccaricarti di zuccheri inutili.</p>
<p>&nbsp;</p>
<p>&#8211; Disponibile in una varietà di gusti deliziosi</p>
<p>&#8211; Un’ottima fonte proteica alternativa agli shake</p>
<p>&#8211; Cottura soffice per una consistenza irresistibile</p>
<p>&nbsp;</p>
<p>&nbsp;</p>
]]></content:encoded>
					
					<wfw:commentRss>./../../../prodotto/84/feed/index.html</wfw:commentRss>
			<slash:comments>0</slash:comments>
		
		
			</item>
	</channel>
</rss>
