<?xml version="1.0" encoding="UTF-8"?><rss version="2.0"
	xmlns:content="http://purl.org/rss/1.0/modules/content/"
	xmlns:wfw="http://wellformedweb.org/CommentAPI/"
	xmlns:dc="http://purl.org/dc/elements/1.1/"
	xmlns:atom="http://www.w3.org/2005/Atom"
	xmlns:sy="http://purl.org/rss/1.0/modules/syndication/"
	xmlns:slash="http://purl.org/rss/1.0/modules/slash/"
	>

<channel>
	<title>Prodotti &#8211; PumpPro</title>
	<atom:link href="http://localhost/week5day2/negozio/feed/?simply_static_page=109" rel="self" type="application/rss+xml" />
	<link>./../../index.html</link>
	<description></description>
	<lastBuildDate>Tue, 21 Mar 2023 18:27:44 +0000</lastBuildDate>
	<language>it-IT</language>
	<sy:updatePeriod>
	hourly	</sy:updatePeriod>
	<sy:updateFrequency>
	1	</sy:updateFrequency>
	<generator>https://wordpress.org/?v=6.1.1</generator>
	<item>
		<title></title>
		<link>./../../prodotto/84/index.html</link>
					<comments>./../../prodotto/84/index.html#respond</comments>
		
		<dc:creator><![CDATA[cosimo]]></dc:creator>
		<pubDate>Tue, 21 Mar 2023 18:27:44 +0000</pubDate>
				<guid isPermaLink="false">./../../index.html?post_type=product#038;p=84</guid>

					<description><![CDATA[Una deliziosa barretta ad alto contenuto proteico con un gusto, una consistenza e valori nutrizionali eccezionali. Ogni barretta ha un alto contenuto proteico, che la rende ideale come snack o da mangiare quando sei in giro come fonte extra di nutrizione tra un pasto e l’altro. Le nostre Barrette proteiche sono un dolce ad alto [&#8230;]]]></description>
										<content:encoded><![CDATA[<p><img decoding="async" class="alignnone size-medium wp-image-85" src="./../../wp-content/uploads/2023/03/high-protein-flapjack-sample-85g-triple-chocolate_bpf-hpfl-tcho-0085_main_1-300x300.webp" alt="" width="300" height="300" srcset="./../../wp-content/uploads/2023/03/high-protein-flapjack-sample-85g-triple-chocolate_bpf-hpfl-tcho-0085_main_1-300x300.webp 300w, ./../../wp-content/uploads/2023/03/high-protein-flapjack-sample-85g-triple-chocolate_bpf-hpfl-tcho-0085_main_1-150x150.webp 150w, ./../../wp-content/uploads/2023/03/high-protein-flapjack-sample-85g-triple-chocolate_bpf-hpfl-tcho-0085_main_1-324x324.webp 324w, ./../../wp-content/uploads/2023/03/high-protein-flapjack-sample-85g-triple-chocolate_bpf-hpfl-tcho-0085_main_1-416x416.webp 416w, ./../../wp-content/uploads/2023/03/high-protein-flapjack-sample-85g-triple-chocolate_bpf-hpfl-tcho-0085_main_1-100x100.webp 100w, ./../../wp-content/uploads/2023/03/high-protein-flapjack-sample-85g-triple-chocolate_bpf-hpfl-tcho-0085_main_1.webp 500w" sizes="(max-width: 300px) 100vw, 300px" /></p>
<p>Una deliziosa barretta ad alto contenuto proteico con un gusto, una consistenza e valori nutrizionali eccezionali. Ogni barretta ha un alto contenuto proteico, che la rende ideale come snack o da mangiare quando sei in giro come fonte extra di nutrizione tra un pasto e l’altro.</p>
<p>Le nostre Barrette proteiche sono un dolce ad alto contenuto di fibre, ad alto contenuto proteico e dalla cottura soffice. Ad alto contenuto proteico e disponibile in una varietà di ottimi gusti, questa barretta è ottima per raggiungere il tuo obiettivo proteico quotidiano senza sovraccaricarti di zuccheri inutili.</p>
<p>&nbsp;</p>
<p>&#8211; Disponibile in una varietà di gusti deliziosi</p>
<p>&#8211; Un’ottima fonte proteica alternativa agli shake</p>
<p>&#8211; Cottura soffice per una consistenza irresistibile</p>
<p>&nbsp;</p>
<p>&nbsp;</p>
]]></content:encoded>
					
					<wfw:commentRss>./../../prodotto/84/feed/index.html</wfw:commentRss>
			<slash:comments>0</slash:comments>
		
		
			</item>
		<item>
		<title>Pure Whey Isolate Protein</title>
		<link>./../../prodotto/pure-whey-isolate-protein/index.html</link>
					<comments>./../../prodotto/pure-whey-isolate-protein/index.html#respond</comments>
		
		<dc:creator><![CDATA[cosimo]]></dc:creator>
		<pubDate>Tue, 21 Mar 2023 18:25:16 +0000</pubDate>
				<guid isPermaLink="false">./../../index.html?post_type=product#038;p=82</guid>

					<description><![CDATA[Questo isolato di proteine del siero di latte (WPI), di alta qualità, offre ben 24 g di proteine in una porzione da 30 g. Basso contenuto di zuccheri e di grassi, istantaneo per una facile miscelazione, è disponibile in un’ampia gamma di deliziosi gusti. Il nostro Pure Whey Isolate™ è un potente concentrato di proteine [&#8230;]]]></description>
										<content:encoded><![CDATA[<p><img decoding="async" class="alignnone size-medium wp-image-83" src="./../../wp-content/uploads/2023/03/pure-whey-isolate_bpb-wpi9-0000_main_thumbnail-300x300.webp" alt="" width="300" height="300" srcset="./../../wp-content/uploads/2023/03/pure-whey-isolate_bpb-wpi9-0000_main_thumbnail-300x300.webp 300w, ./../../wp-content/uploads/2023/03/pure-whey-isolate_bpb-wpi9-0000_main_thumbnail-150x150.webp 150w, ./../../wp-content/uploads/2023/03/pure-whey-isolate_bpb-wpi9-0000_main_thumbnail-324x324.webp 324w, ./../../wp-content/uploads/2023/03/pure-whey-isolate_bpb-wpi9-0000_main_thumbnail-416x416.webp 416w, ./../../wp-content/uploads/2023/03/pure-whey-isolate_bpb-wpi9-0000_main_thumbnail-100x100.webp 100w, ./../../wp-content/uploads/2023/03/pure-whey-isolate_bpb-wpi9-0000_main_thumbnail.webp 500w" sizes="(max-width: 300px) 100vw, 300px" /></p>
<p>Questo isolato di proteine del siero di latte (WPI), di alta qualità, offre ben 24 g di proteine in una porzione da 30 g. Basso contenuto di zuccheri e di grassi, istantaneo per una facile miscelazione, è disponibile in un’ampia gamma di deliziosi gusti.</p>
<p>Il nostro Pure Whey Isolate<img src="https://s.w.org/images/core/emoji/14.0.0/72x72/2122.png" alt="™" class="wp-smiley" style="height: 1em; max-height: 1em;" /> è un potente concentrato di proteine di alta qualità con un ridotto contenuto di grassi e di zuccheri. Se sei alla ricerca di proteine pure, senza ingredienti aggiuntivi, in un delizioso frullato da gustare in qualsiasi momento della giornata, questa è la polvere che fa per te.</p>
<p>Pure Whey Isolate<img src="https://s.w.org/images/core/emoji/14.0.0/72x72/2122.png" alt="™" class="wp-smiley" style="height: 1em; max-height: 1em;" /> utilizza proteine del siero di latte isolate di ottima qualità ottenute da mucche da latte europee allevate al pascolo. È più raffinato dei normali concentrati proteici di siero del latte, e poiché viene sottoposto a un intenso processo di filtrazione ha un minor tenore di carboidrati e grassi.</p>
]]></content:encoded>
					
					<wfw:commentRss>./../../prodotto/pure-whey-isolate-protein/feed/index.html</wfw:commentRss>
			<slash:comments>0</slash:comments>
		
		
			</item>
		<item>
		<title>Pure Whey Protein</title>
		<link>./../../prodotto/pure-whey-protein/index.html</link>
					<comments>./../../prodotto/pure-whey-protein/index.html#respond</comments>
		
		<dc:creator><![CDATA[cosimo]]></dc:creator>
		<pubDate>Tue, 21 Mar 2023 18:20:00 +0000</pubDate>
				<guid isPermaLink="false">./../../index.html?post_type=product#038;p=80</guid>

					<description><![CDATA[&#160;

&#160;]]></description>
										<content:encoded><![CDATA[<p><img decoding="async" class="alignnone size-medium wp-image-81" src="./../../wp-content/uploads/2023/03/Pure-Whey-Protein-300x300.webp" alt="" width="300" height="300" srcset="./../../wp-content/uploads/2023/03/Pure-Whey-Protein-300x300.webp 300w, ./../../wp-content/uploads/2023/03/Pure-Whey-Protein-150x150.webp 150w, ./../../wp-content/uploads/2023/03/Pure-Whey-Protein-324x324.webp 324w, ./../../wp-content/uploads/2023/03/Pure-Whey-Protein-416x416.webp 416w, ./../../wp-content/uploads/2023/03/Pure-Whey-Protein-100x100.webp 100w, ./../../wp-content/uploads/2023/03/Pure-Whey-Protein.webp 500w" sizes="(max-width: 300px) 100vw, 300px" />Alla base di qualsiasi programma di allenamento, la nostra polvere Pure Whey Protein<img src="https://s.w.org/images/core/emoji/14.0.0/72x72/2122.png" alt="™" class="wp-smiley" style="height: 1em; max-height: 1em;" />, facile da miscelare, è ricca di proteine di BCAA, (rispettivamente 22 e 5 g a porzione); inoltre è disponibile in più di 20 deliziosi gusti.</p>
<p>Il nostro frullato Pure Whey Protein<img src="https://s.w.org/images/core/emoji/14.0.0/72x72/2122.png" alt="™" class="wp-smiley" style="height: 1em; max-height: 1em;" /> è esattamente come sembra. Proteine del siero di latte di qualità superiore derivanti dal latte di mucche europee allevate al pascolo. L’ideale per chiunque inizi il proprio percorso nel mondo del fitness, o per chiunque si alleni regolarmente e voglia fare il pieno di proteine. Può anche essere aggiunto ai frappè o utilizzato per preparare prodotti da forno.</p>
<p>Il nostro Pure Whey Protein<img src="https://s.w.org/images/core/emoji/14.0.0/72x72/2122.png" alt="™" class="wp-smiley" style="height: 1em; max-height: 1em;" /> contiene tutte le proteine e gli aminoacidi essenziali di cui hai bisogno in una singola porzione. Ogni porzione contiene 22 g di proteine e 5 g di aminoacidi a catena ramificata (BCAA). Se hai bisogno di arricchire la tua alimentazione con principi nutritivi specifici, come carboidrati o creatina monoidrato, puoi aggiungere uno dei nostri altri integratori, oppure provare una delle nostre formule All-in-One.</p>
]]></content:encoded>
					
					<wfw:commentRss>./../../prodotto/pure-whey-protein/feed/index.html</wfw:commentRss>
			<slash:comments>0</slash:comments>
		
		
			</item>
		<item>
		<title>Burro d&#8217;arachidi</title>
		<link>./../../prodotto/burro-darachidi/index.html</link>
					<comments>./../../prodotto/burro-darachidi/index.html#respond</comments>
		
		<dc:creator><![CDATA[cosimo]]></dc:creator>
		<pubDate>Tue, 21 Mar 2023 18:17:40 +0000</pubDate>
				<guid isPermaLink="false">./../../index.html?post_type=product#038;p=78</guid>

					<description><![CDATA[Burro di arachidi 100% naturale di alta qualità, prodotto esclusivamente per Bulk™. Ricco di proteine, gustoso e perfetto per mettere su massa muscolare. Il nostro Burro di arachidi da 1 kg è esattamente quello che dice di essere. Un burro ricco e naturale prodotto al 100% con arachidi intere tostate e nient’altro. Senza aggiunta di sale, [&#8230;]]]></description>
										<content:encoded><![CDATA[<p>Burro di arachidi 100% naturale di alta qualità, prodotto esclusivamente per <strong>Bulk</strong><img src="https://s.w.org/images/core/emoji/14.0.0/72x72/2122.png" alt="™" class="wp-smiley" style="height: 1em; max-height: 1em;" />. Ricco di proteine, gustoso e perfetto per mettere su massa muscolare.</p>
<p>Il nostro Burro di arachidi da 1 kg è esattamente quello che dice di essere. Un burro ricco e naturale prodotto al 100% con arachidi intere tostate e nient’altro. Senza aggiunta di sale, zucchero, olio di palma o conservanti. Carico di proteine e grassi monoinsaturi, è un’opzione ideale per qualsiasi programma di aumento di massa ed è disponibile in versione sia croccante che vellutata.</p>
<p>. 100% arachidi intere tostate . Delizioso, dal gusto naturale e dalla consistenza vellutata e burrosa . Senza aggiunta di sale, zucchero, olio di palma . Senza aggiunta di conservanti . Disponibile in versione croccante o vellutata<img decoding="async" class="alignnone size-full wp-image-79" src="./../../wp-content/uploads/2023/03/burro-ar.jpeg" alt="" width="225" height="225" srcset="./../../wp-content/uploads/2023/03/burro-ar.jpeg 225w, ./../../wp-content/uploads/2023/03/burro-ar-150x150.jpeg 150w, ./../../wp-content/uploads/2023/03/burro-ar-100x100.jpeg 100w" sizes="(max-width: 225px) 100vw, 225px" /></p>
]]></content:encoded>
					
					<wfw:commentRss>./../../prodotto/burro-darachidi/feed/index.html</wfw:commentRss>
			<slash:comments>0</slash:comments>
		
		
			</item>
	</channel>
</rss>
